,song,artist,date,explicit,uri_cancion,popularity,usuario,links,uri_artista,duracion
0,"What Is Love - 7"" Mix",['Haddaway'],2024-07-12T16:20:49Z,False,spotify:track:3NvS0SxNWIPiAJoPWUpZzr,10,,https://open.spotify.com/track/3NvS0SxNWIPiAJoPWUpZzr,['0Suv0tRrNrUlRzAy8aXjma'],270373
1,Blue (Da Ba Dee) - Gabry Ponte Ice Pop Radio,"['Eiffel 65', 'Gabry Ponte']",2024-07-12T16:20:49Z,False,spotify:track:2yAVzRiEQooPEJ9SYx11L3,25,,https://open.spotify.com/track/2yAVzRiEQooPEJ9SYx11L3,"['64rxQRJsLgZwHHyWKB8fiF', '5ENS85nZShljwNgg4wFD7D']",283747
2,Sing Hallelujah!,['Dr. Alban'],2024-07-12T16:20:49Z,False,spotify:track:6RQtvdmW0fnWv1VOKpgYcq,0,,https://open.spotify.com/track/6RQtvdmW0fnWv1VOKpgYcq,['6BkcAbUkfIBM4XudxieMq8'],241066
3,Barbie Girl,['Aqua'],2024-07-12T16:20:49Z,False,spotify:track:5ZrDlcxIDZyjOzHdYW1ydr,76,,https://open.spotify.com/track/5ZrDlcxIDZyjOzHdYW1ydr,['6kBjAFKyd0he7LiA5GQ3Gz'],197960
4,Everybody (Backstreet's Back) - Radio Edit,['Backstreet Boys'],2024-07-12T16:20:49Z,False,spotify:track:1di1BEgJYzPvXUuinsYJGP,76,,https://open.spotify.com/track/1di1BEgJYzPvXUuinsYJGP,['5rSXSAkZ67PYJSvpUpkOr7'],225360
5,Believe,['Cher'],2024-07-12T16:20:49Z,False,spotify:track:2goLsvvODILDzeeiT4dAoR,78,,https://open.spotify.com/track/2goLsvvODILDzeeiT4dAoR,['72OaDtakiy6yFqkt4TsiFt'],239026
6,Rhythm Is A Dancer,['SNAP!'],2024-07-12T16:20:49Z,False,spotify:track:1IWzfq3sLedGQ3fb2hAMBA,5,,https://open.spotify.com/track/1IWzfq3sLedGQ3fb2hAMBA,['2FrKQPjJe4pVMZOgm0ESOx'],332229
7,Mr. Vain - Original Radio Edit,['Culture Beat'],2024-07-12T16:20:49Z,False,spotify:track:4ih3dyFZoeTdaeJW9mPbOI,70,,https://open.spotify.com/track/4ih3dyFZoeTdaeJW9mPbOI,['0BZ3BHzfYwpd3k5TDnvAz8'],257466
8,All That She Wants,['Ace of Base'],2024-07-12T16:20:49Z,False,spotify:track:6kWJvPfC4DgUpRsXKNa9z9,76,,https://open.spotify.com/track/6kWJvPfC4DgUpRsXKNa9z9,['5ksRONqssB7BR161NTtJAm'],211213
9,Mambo No. 5 (a Little Bit of...),['Lou Bega'],2024-07-12T16:20:49Z,False,spotify:track:6x4tKaOzfNJpEJHySoiJcs,77,,https://open.spotify.com/track/6x4tKaOzfNJpEJHySoiJcs,['46lnlnlU0dXTDpoAUmH6Qx'],220293
10,Coco Jamboo,['Mr. President'],2024-07-12T16:20:49Z,False,spotify:track:5fRvePkRGdpn2nKacG7I6d,74,,https://open.spotify.com/track/5fRvePkRGdpn2nKacG7I6d,['7KBkgunlONG7LPxs93pgpp'],218733
11,"Freed From Desire - prod. Molella, Phil Jay","['Gala', 'Molella', 'Phil Jay']",2024-07-12T16:20:49Z,False,spotify:track:3u5N55tHf7hXATSQrjBh2q,78,,https://open.spotify.com/track/3u5N55tHf7hXATSQrjBh2q,"['3OqTvcWgb0xaainosGVvuZ', '6PozOimyS8a9OxMddMSBCf', '2yUcByiqLsQiJgGKIn1xeb']",213394
12,Cotton Eye Joe,['Rednex'],2024-07-12T16:20:49Z,False,spotify:track:06hsdMbBxWGqBO0TV0Zrkf,72,,https://open.spotify.com/track/06hsdMbBxWGqBO0TV0Zrkf,['22Zqu1yyebVnbve8FxbJ2g'],194000
13,It's My Life,['Dr. Alban'],2024-07-12T16:20:49Z,False,spotify:track:6HdM7gzXVgcpepv276raog,4,,https://open.spotify.com/track/6HdM7gzXVgcpepv276raog,['6BkcAbUkfIBM4XudxieMq8'],239933
14,The Rhythm of the Night,['Corona'],2024-07-12T16:20:49Z,False,spotify:track:0ofMkI3jzmGCElAOgOLeo3,71,,https://open.spotify.com/track/0ofMkI3jzmGCElAOgOLeo3,['26T6b8maqEVltcmE4kSDUl'],264280
15,Push The Feeling On - Mk Dub Revisited Edit,"['Nightcrawlers', 'MK']",2024-07-12T16:20:49Z,False,spotify:track:1EWsVHU4FNAdtN4R8FETag,66,,https://open.spotify.com/track/1EWsVHU4FNAdtN4R8FETag,"['1gALaWbNDnwS2ECV09sn2A', '1yqxFtPHKcGcv6SXZNdyT9']",243160
16,Wannabe,['Spice Girls'],2024-07-12T16:20:49Z,False,spotify:track:1Je1IMUlBXcx1Fz0WE7oPT,81,,https://open.spotify.com/track/1Je1IMUlBXcx1Fz0WE7oPT,['0uq5PttqEjj3IH1bzwcrXF'],173026
17,"Boom, Boom, Boom, Boom!!",['Vengaboys'],2024-07-12T16:20:49Z,False,spotify:track:2Ld2LehpgQNREMxl9LlIzm,1,,https://open.spotify.com/track/2Ld2LehpgQNREMxl9LlIzm,['0cwmNvclzPd8mQnoHuIksj'],202583
18,Let's Get Loud,['Jennifer Lopez'],2024-07-12T16:20:49Z,False,spotify:track:6kQz6t5z1FK4uohPh8Kd73,69,,https://open.spotify.com/track/6kQz6t5z1FK4uohPh8Kd73,['2DlGxzQSjYe5N6G9nkYghR'],238226
19,Better Off Alone,['Alice Deejay'],2024-07-12T16:20:49Z,False,spotify:track:0pMUR7Uvp6vxlbG0qBFvgM,2,,https://open.spotify.com/track/0pMUR7Uvp6vxlbG0qBFvgM,['2tbvDi9eXf9XXp06LupkED'],214883
20,Thunderstruck,['AC/DC'],2024-07-12T16:20:49Z,False,spotify:track:57bgtoPSgt236HzfBOd8kj,85,,https://open.spotify.com/track/57bgtoPSgt236HzfBOd8kj,['711MCceyCBcFnzjGY4Q7Un'],292880
21,...Baby One More Time,['Britney Spears'],2024-07-12T16:20:49Z,False,spotify:track:3MjUtNVVq3C8Fn0MP3zhXa,83,,https://open.spotify.com/track/3MjUtNVVq3C8Fn0MP3zhXa,['26dSoYclwsYLMAKD3tpOr4'],211066
22,Return of the Mack,['Mark Morrison'],2024-07-12T16:20:49Z,False,spotify:track:3jDdpx9PMlfMBS5tOBHFm9,78,,https://open.spotify.com/track/3jDdpx9PMlfMBS5tOBHFm9,['6V3F8MZrOKdT9fU686ybE9'],213093
23,No Diggity,"['Blackstreet', 'Dr. Dre', 'Queen Pen']",2024-07-12T16:20:49Z,False,spotify:track:6MdqqkQ8sSC0WB4i8PyRuQ,77,,https://open.spotify.com/track/6MdqqkQ8sSC0WB4i8PyRuQ,"['2P3cjUru4H3fhSXXNxE9kA', '6DPYiyq5kWVQS4RGwxzPC7', '0VbIlorLz3I5SEtIsc5vAr']",304600
24,Doo Wop (That Thing),['Ms. Lauryn Hill'],2024-07-12T16:20:49Z,False,spotify:track:0uEp9E98JB5awlA084uaIg,77,,https://open.spotify.com/track/0uEp9E98JB5awlA084uaIg,['2Mu5NfyYm8n5iTomuKAEHl'],320266
25,Livin' la Vida Loca,['Ricky Martin'],2024-07-12T16:20:49Z,False,spotify:track:0Ph6L4l8dYUuXFmb71Ajnd,75,,https://open.spotify.com/track/0Ph6L4l8dYUuXFmb71Ajnd,['7slfeZO9LsJbWgpkIoXBUJ'],243160
26,Miami,['Will Smith'],2024-07-12T16:20:49Z,False,spotify:track:6e8Ou0wiqAzIpWb2eSxll8,75,,https://open.spotify.com/track/6e8Ou0wiqAzIpWb2eSxll8,['41qil2VaGbD194gaEcmmyx'],197560
27,Happy Nation,['Ace of Base'],2024-07-12T16:20:49Z,False,spotify:track:7yCF65vpc7sUwPjftI0iFb,74,,https://open.spotify.com/track/7yCF65vpc7sUwPjftI0iFb,['5ksRONqssB7BR161NTtJAm'],255413
28,Music Sounds Better With You - Radio Edit,"['Stardust', 'Benjamin Diamond', 'Alan Braxe', 'Thomas Bangalter']",2024-07-12T16:20:49Z,False,spotify:track:1mv4lh1rW1K6xhxhJmEezy,74,,https://open.spotify.com/track/1mv4lh1rW1K6xhxhJmEezy,"['2w7IutHv5g4e8LumrwtjWR', '2XOvFG8pp1XAV1V6ZJABim', '24JRvbKfTcF2x7c2kCCJrW', '41vv2Tj1knysv6MuFUmdwi']",260906
29,Remember the Time,['Michael Jackson'],2024-07-12T16:20:49Z,False,spotify:track:4jnFqNWeJCeCRHc4HCdxfd,73,,https://open.spotify.com/track/4jnFqNWeJCeCRHc4HCdxfd,['3fMbdgg4jU18AjLCKBhRSm'],239226
30,U Can't Touch This,['MC Hammer'],2024-07-12T16:20:49Z,False,spotify:track:1B75hgRqe7A4fwee3g3Wmu,72,,https://open.spotify.com/track/1B75hgRqe7A4fwee3g3Wmu,['2rblp9fJo16ZPTcKDtlmKW'],257359
31,Around the World,['Daft Punk'],2024-07-12T16:20:49Z,False,spotify:track:1pKYYY0dkg23sQQXi0Q5zN,72,,https://open.spotify.com/track/1pKYYY0dkg23sQQXi0Q5zN,['4tZwfgrHOc3mvqYlEYSvVi'],429533
32,The Bad Touch,['Bloodhound Gang'],2024-07-12T16:20:49Z,True,spotify:track:5EYdTPdJD74r9EVZBztqGG,72,,https://open.spotify.com/track/5EYdTPdJD74r9EVZBztqGG,['6nDLku5uL3ou60kvCGZorh'],260506
33,Insane in the Brain,['Cypress Hill'],2024-07-12T16:20:49Z,True,spotify:track:1oTHteQbmJw15rPxPVXUTv,72,,https://open.spotify.com/track/1oTHteQbmJw15rPxPVXUTv,['4P0dddbxPil35MNN9G2MEX'],208266
34,Gettin' Jiggy Wit It,['Will Smith'],2024-07-12T16:20:49Z,False,spotify:track:0weAUscowxeqDtpCgtbpgp,72,,https://open.spotify.com/track/0weAUscowxeqDtpCgtbpgp,['41qil2VaGbD194gaEcmmyx'],227933
35,The Sign,['Ace of Base'],2024-07-12T16:20:49Z,False,spotify:track:0hrBpAOgrt8RXigk83LLNE,73,,https://open.spotify.com/track/0hrBpAOgrt8RXigk83LLNE,['5ksRONqssB7BR161NTtJAm'],191240
36,Shoop,['Salt-N-Pepa'],2024-07-12T16:20:49Z,False,spotify:track:0Pu71wxadDlB8fJXfjIjeJ,72,,https://open.spotify.com/track/0Pu71wxadDlB8fJXfjIjeJ,['7wqtxqI3eo7Gn1P7SpP6cQ'],248573
37,Bla Bla Bla,"[""Gigi D'Agostino""]",2024-07-12T16:20:49Z,False,spotify:track:04zrPERrSO4CfyargthKJ9,71,,https://open.spotify.com/track/04zrPERrSO4CfyargthKJ9,['1OAjDaKgg00KCUYqDe68un'],255546
38,Boombastic,['Shaggy'],2024-07-12T16:20:49Z,False,spotify:track:4fxF8ljwryMZX5c9EKrLFE,71,,https://open.spotify.com/track/4fxF8ljwryMZX5c9EKrLFE,['5EvFsr3kj42KNv97ZEnqij'],249933
39,Show Me Love,['Robin S'],2024-07-12T16:20:49Z,False,spotify:track:4t0UsYzmmmZRMTWn77jiGF,70,,https://open.spotify.com/track/4t0UsYzmmmZRMTWn77jiGF,['2WvLeseDGPX1slhmxI59G3'],252106
40,Children,['Robert Miles'],2024-07-12T16:20:49Z,False,spotify:track:4wtR6HB3XekEengMX17cpc,70,,https://open.spotify.com/track/4wtR6HB3XekEengMX17cpc,['2YVF0Ou5zIc4mpgtLIlGN0'],243266
41,All I Wanna Do,['Sheryl Crow'],2024-07-12T16:20:49Z,False,spotify:track:3ZpQiJ78LKINrW9SQTgbXd,70,,https://open.spotify.com/track/3ZpQiJ78LKINrW9SQTgbXd,['4TKTii6gnOnUXQHyuo9JaD'],272106
42,Baby Got Back,['Sir Mix-A-Lot'],2024-07-12T16:20:49Z,True,spotify:track:1SAkL1mYNJlaqnBQxVZrRl,70,,https://open.spotify.com/track/1SAkL1mYNJlaqnBQxVZrRl,['3TQ9JTBI2n2hfo7aRONEYV'],262826
43,Two Princes,['Spin Doctors'],2024-07-12T16:20:49Z,False,spotify:track:4ePP9So5xRzspjLFVVbj90,69,,https://open.spotify.com/track/4ePP9So5xRzspjLFVVbj90,['2PSiyldxmJze7xiqbz658m'],256733
44,"Jumpin', Jumpin'","[""Destiny's Child""]",2024-07-12T16:20:49Z,False,spotify:track:4pmc2AxSEq6g7hPVlJCPyP,69,,https://open.spotify.com/track/4pmc2AxSEq6g7hPVlJCPyP,['1Y8cdNmUJH7yBTd9yOvr5i'],230200
45,Scatman (ski-ba-bop-ba-dop-bop),['Scatman John'],2024-07-12T16:20:49Z,False,spotify:track:623rRTKwGmgjH6sjE9uWLh,69,,https://open.spotify.com/track/623rRTKwGmgjH6sjE9uWLh,['4omQQTNN7ILiMsSB2k9eqX'],215973
46,Smooth (feat. Rob Thomas),"['Santana', 'Rob Thomas']",2024-07-12T16:20:49Z,False,spotify:track:0n2SEXB2qoRQg171q7XqeW,69,,https://open.spotify.com/track/0n2SEXB2qoRQg171q7XqeW,"['6GI52t8N5F02MxU0g5U69P', '3aBkeBhwadnWMWoVJ2CxJC']",294986
47,Larger Than Life,['Backstreet Boys'],2024-07-12T16:20:49Z,False,spotify:track:6sbXGUn9V9ZaLwLdOfpKRE,69,,https://open.spotify.com/track/6sbXGUn9V9ZaLwLdOfpKRE,['5rSXSAkZ67PYJSvpUpkOr7'],232826
48,Gonna Make You Sweat (Everybody Dance Now) (feat. Freedom Williams),"['C & C Music Factory', 'Freedom Williams']",2024-07-12T16:20:49Z,False,spotify:track:7eheoW4hxrH51ww2QePVwF,69,,https://open.spotify.com/track/7eheoW4hxrH51ww2QePVwF,"['7krx6UBDKLwE0q3s3fesqF', '08MVPakTEdRJimQNV61NFR']",244093
49,Be My Lover,['La Bouche'],2024-07-12T16:20:49Z,False,spotify:track:3vSn1frPgFcRXrjWOfhMLl,68,,https://open.spotify.com/track/3vSn1frPgFcRXrjWOfhMLl,['488v7rQzthLNK22r0UvMie'],240866
50,Groove Is in the Heart,['Deee-Lite'],2024-07-12T16:20:49Z,False,spotify:track:2He3NOyqtLNE3RQPpeDdSb,68,,https://open.spotify.com/track/2He3NOyqtLNE3RQPpeDdSb,['4eQJIXFEujzhTVVS1gIfu5'],231786
51,Black or White,['Michael Jackson'],2024-07-12T16:20:49Z,False,spotify:track:7EsjkelQuoUlJXEw7SeVV4,68,,https://open.spotify.com/track/7EsjkelQuoUlJXEw7SeVV4,['3fMbdgg4jU18AjLCKBhRSm'],254933
52,Tubthumping,['Chumbawamba'],2024-07-12T16:20:49Z,False,spotify:track:22HYEJveCvykVDHDiEEmjZ,68,,https://open.spotify.com/track/22HYEJveCvykVDHDiEEmjZ,['0TcYeHEK9sBtv7xPbKhzHz'],278778
53,Ecuador - Original Radio Edit,['Sash!'],2024-07-12T16:20:49Z,False,spotify:track:1arJHhz6TxMV50SNvSmGnV,68,,https://open.spotify.com/track/1arJHhz6TxMV50SNvSmGnV,['5XTxV2ifoYkmNb13Gb6cKz'],212133
54,Gypsy Woman (She's Homeless) (La Da Dee La Da Da) - Basement Boy Strip To The Bone Mix,"['Crystal Waters', 'The Basement Boys']",2024-07-12T16:20:49Z,False,spotify:track:1SShxVVBeZBCY7WddnksPz,68,,https://open.spotify.com/track/1SShxVVBeZBCY7WddnksPz,"['2sd9Q3r0Jhqpe3w9WVuG43', '4zs2Vybqo9ktD8QORpnHfI']",451826
55,Beautiful Life,['Ace of Base'],2024-07-12T16:20:49Z,False,spotify:track:74jTexO94dFGyXGyeu8krd,68,,https://open.spotify.com/track/74jTexO94dFGyXGyeu8krd,['5ksRONqssB7BR161NTtJAm'],221186
56,Bailando,['Paradisio'],2024-07-12T16:20:49Z,False,spotify:track:6PwbVXIomkvk4YcafiOc6i,67,,https://open.spotify.com/track/6PwbVXIomkvk4YcafiOc6i,['0FfjCldzckJBQNsnQyMJmb'],229333
57,Ghetto Supastar (That is What You Are) (feat. Ol' Dirty Bastard & Mýa),"['Pras', ""Ol' Dirty Bastard"", 'Mýa']",2024-07-12T16:20:49Z,False,spotify:track:31bf9SEOppLU6lQ85d8om6,67,,https://open.spotify.com/track/31bf9SEOppLU6lQ85d8om6,"['0kJMPTXq7h3ztpDukSx5iD', '50NoVNy9GU1lCrDV8iGpyu', '6lHL3ubAMgSasKjNqKb8HF']",261133
58,Saturday Night - Radio Mix,['Whigfield'],2024-07-12T16:20:49Z,False,spotify:track:59VRFpPnC8pOhIH2WCWXF9,67,,https://open.spotify.com/track/59VRFpPnC8pOhIH2WCWXF9,['0lHoDF96DNKSIcIpcOfMnq'],247405
59,Cosmic Girl - Remastered 2013,['Jamiroquai'],2024-07-12T16:20:49Z,False,spotify:track:6y0Etr2KJr0sdcEp7ajoUK,67,,https://open.spotify.com/track/6y0Etr2KJr0sdcEp7ajoUK,['6J7biCazzYhU3gM9j1wfid'],244146
60,Jump,['Kris Kross'],2024-07-12T16:20:49Z,False,spotify:track:27AHAtAirQapVldIm4c9ZX,66,,https://open.spotify.com/track/27AHAtAirQapVldIm4c9ZX,['2zrZfs23sjuHDv4E6YRmNf'],195106
61,Say You'll Be There,['Spice Girls'],2024-07-12T16:20:49Z,False,spotify:track:1yTQ39my3MoNROlFw3RDNy,66,,https://open.spotify.com/track/1yTQ39my3MoNROlFw3RDNy,['0uq5PttqEjj3IH1bzwcrXF'],235973
62,(You Drive Me) Crazy,['Britney Spears'],2024-07-12T16:20:49Z,False,spotify:track:1DSJNBNhGZCigg9ll5VeZv,66,,https://open.spotify.com/track/1DSJNBNhGZCigg9ll5VeZv,['26dSoYclwsYLMAKD3tpOr4'],198066
63,The Shoop Shoop Song (It's In His Kiss),['Cher'],2024-07-12T16:20:49Z,False,spotify:track:5oV1YjM2rtyZ55txHHsFUu,66,,https://open.spotify.com/track/5oV1YjM2rtyZ55txHHsFUu,['72OaDtakiy6yFqkt4TsiFt'],170000
64,Where Do You Go,['No Mercy'],2024-07-12T16:20:49Z,False,spotify:track:37tzoWY1ubBQKGXiWdO5Qv,66,,https://open.spotify.com/track/37tzoWY1ubBQKGXiWdO5Qv,['2tUGlReCZRMoRgl0IS79i3'],272093
65,I Want You Back - Radio Edit,['*NSYNC'],2024-07-12T16:20:49Z,False,spotify:track:221LRlPHPuevgE1tuUlof9,66,,https://open.spotify.com/track/221LRlPHPuevgE1tuUlof9,['6Ff53KvcvAj5U7Z1vojB5o'],200440
66,2 Times - Original,['Ann Lee'],2024-07-12T16:20:49Z,False,spotify:track:4IiKITgHYaHrF1zUlcTyVH,66,,https://open.spotify.com/track/4IiKITgHYaHrF1zUlcTyVH,['1EN7GOzx8aDpiIbVVmQaaC'],230933
67,Born Slippy (Nuxx),['Underworld'],2024-07-12T16:20:49Z,False,spotify:track:7xQYVjs4wZNdCwO0EeAWMC,66,,https://open.spotify.com/track/7xQYVjs4wZNdCwO0EeAWMC,['1PXHzxRDiLnjqNrRn2Xbsa'],456480
68,The Riddle,"[""Gigi D'Agostino""]",2024-07-12T16:20:49Z,False,spotify:track:0ZqveF2rEFlz2oqF2xrriP,65,,https://open.spotify.com/track/0ZqveF2rEFlz2oqF2xrriP,['1OAjDaKgg00KCUYqDe68un'],285426
69,Dreams (Will Come Alive),['2 Brothers On The 4th Floor'],2024-07-12T16:20:49Z,False,spotify:track:4Fqm5rqB0WMx0hPOwgRjFr,65,,https://open.spotify.com/track/4Fqm5rqB0WMx0hPOwgRjFr,['5wsBGjgRsASMggXLPF7pYm'],264000
70,I've Been Thinking About You,['Londonbeat'],2024-07-12T16:20:49Z,False,spotify:track:50PeqUz1BjMw9ayNTk5O4d,65,,https://open.spotify.com/track/50PeqUz1BjMw9ayNTk5O4d,['0gcMPgunYh4rX1UOdvZKBn'],230066
71,Mr. Vain,['Culture Beat'],2024-07-12T16:20:49Z,False,spotify:track:2rTYgHxgcndkUrRoU7x0Sv,65,,https://open.spotify.com/track/2rTYgHxgcndkUrRoU7x0Sv,['0BZ3BHzfYwpd3k5TDnvAz8'],336840
72,Strong Enough,['Cher'],2024-07-12T16:20:49Z,False,spotify:track:144JMbvbR5txNzoZ112wo4,65,,https://open.spotify.com/track/144JMbvbR5txNzoZ112wo4,['72OaDtakiy6yFqkt4TsiFt'],224000
73,Go West - 2003 Remaster,['Pet Shop Boys'],2024-07-12T16:20:49Z,False,spotify:track:5Klo65Y9uouLjNVDV3pqh7,65,,https://open.spotify.com/track/5Klo65Y9uouLjNVDV3pqh7,['2ycnb8Er79LoH2AsR5ldjh'],304080
74,Spice Up Your Life,['Spice Girls'],2024-07-12T16:20:49Z,False,spotify:track:5qGwqO0lkbBXw4xNfzT7SF,65,,https://open.spotify.com/track/5qGwqO0lkbBXw4xNfzT7SF,['0uq5PttqEjj3IH1bzwcrXF'],173666
75,9Pm (Till I Come),['ATB'],2024-07-12T16:20:49Z,False,spotify:track:1CgbwsrNDlFrRuk2ebQ7zr,64,,https://open.spotify.com/track/1CgbwsrNDlFrRuk2ebQ7zr,['7jZM5w05mGhw6wTB1okhD9'],193880
76,Think About the Way,['Ice Mc'],2024-07-12T16:20:49Z,False,spotify:track:2foOeJLKSvepjHEkb4NR8N,64,,https://open.spotify.com/track/2foOeJLKSvepjHEkb4NR8N,['5wlyJXaam6QmyDn8qBLZx8'],260973
77,"Men In Black - From ""Men In Black"" Soundtrack",['Will Smith'],2024-07-12T16:20:49Z,False,spotify:track:2FK7fxjzQEXD7Z32HSF0Hl,63,,https://open.spotify.com/track/2FK7fxjzQEXD7Z32HSF0Hl,['41qil2VaGbD194gaEcmmyx'],227266
78,Hey Boy Hey Girl,['The Chemical Brothers'],2024-07-12T16:20:49Z,False,spotify:track:7kXmJwrZGIhDaLT9sNo3ut,63,,https://open.spotify.com/track/7kXmJwrZGIhDaLT9sNo3ut,['1GhPHrq36VKCY3ucVaZCfo'],290493
79,Informer,['Snow'],2024-07-12T16:20:49Z,False,spotify:track:2LjiPAQOVazT8sRyXL3XRs,63,,https://open.spotify.com/track/2LjiPAQOVazT8sRyXL3XRs,['3uZFBSsMiooimnprFL9jD1'],268910
80,Let Me Entertain You,['Robbie Williams'],2024-07-12T16:20:49Z,False,spotify:track:0SLtqCrXBRrnkxSOMA3X4W,63,,https://open.spotify.com/track/0SLtqCrXBRrnkxSOMA3X4W,['2HcwFjNelS49kFbfvMxQYw'],262000
81,Waiting for Tonight,['Jennifer Lopez'],2024-07-12T16:20:49Z,False,spotify:track:5yaCquc7koPqtgj7v0lwHX,63,,https://open.spotify.com/track/5yaCquc7koPqtgj7v0lwHX,['2DlGxzQSjYe5N6G9nkYghR'],246426
82,Finally,['CeCe Peniston'],2024-07-12T16:20:49Z,False,spotify:track:0uqvSVhGgQTIdj9G51vhvv,63,,https://open.spotify.com/track/0uqvSVhGgQTIdj9G51vhvv,['5UoVLCWzOKMIJ9iioof9OD'],245000
83,I'm Outta Love - Radio Edit,['Anastacia'],2024-07-12T16:20:49Z,False,spotify:track:583xVl0Sbj93uU4ceixgU8,63,,https://open.spotify.com/track/583xVl0Sbj93uU4ceixgU8,['2siHvYaxjaW5rKVRiIrMYH'],245400
84,Hey Mr. D.J.,['Zhané'],2024-07-12T16:20:49Z,False,spotify:track:6eB35pgMXdfhz5Z0WjwF1O,63,,https://open.spotify.com/track/6eB35pgMXdfhz5Z0WjwF1O,['6cjSmkVvMvyE6tCAo1M9Is'],252400
85,"Fastlove, Pt. 1",['George Michael'],2024-07-12T16:20:49Z,False,spotify:track:6SaeXxdt0Id6ZzmX0ZGTQK,63,,https://open.spotify.com/track/6SaeXxdt0Id6ZzmX0ZGTQK,['19ra5tSw0tWufvUp8GotLo'],324666
86,Summertime,['DJ Jazzy Jeff & The Fresh Prince'],2024-07-12T16:20:49Z,False,spotify:track:20XdEFyaUR9C7aDIdq2OAd,63,,https://open.spotify.com/track/20XdEFyaUR9C7aDIdq2OAd,['1mG23iQeR29Ojhq89D5gbh'],270973
87,Heartbreaker (feat. Jay-Z),"['Mariah Carey', 'JAY-Z']",2024-07-12T16:20:49Z,False,spotify:track:0jsANwwkkHyyeNyuTFq2XO,63,,https://open.spotify.com/track/0jsANwwkkHyyeNyuTFq2XO,"['4iHNK0tOyZPYnBU7nGAgpQ', '3nFkdlSjzX9mRTtwJOzDYB']",285706
88,Another Night,['Real McCoy'],2024-07-12T16:20:49Z,False,spotify:track:3pEuO9J2MTEmec8kUfYYvl,63,,https://open.spotify.com/track/3pEuO9J2MTEmec8kUfYYvl,['2vRfKzjQYJQd67X8x49MOh'],236933
89,It's Like That,"['Run–D.M.C.', 'Jason Nevins']",2024-07-12T16:20:49Z,False,spotify:track:0CtkjgZpkgnW7U6WmHsakD,63,,https://open.spotify.com/track/0CtkjgZpkgnW7U6WmHsakD,"['3CQIn7N5CuRDP8wEI7FiDA', '5w0ka9nPOmEH6CcZrutyP2']",250626
90,Get A Way,['Maxx'],2024-07-12T16:20:49Z,False,spotify:track:71Cid4UeolaHRzdbmMDAVb,63,,https://open.spotify.com/track/71Cid4UeolaHRzdbmMDAVb,['6zkbUEItDv8gNXeO5WkkNX'],226734
91,Sweet Dreams,['La Bouche'],2024-07-12T16:20:49Z,False,spotify:track:2wz5weI4PREzpexKfrKgwv,63,,https://open.spotify.com/track/2wz5weI4PREzpexKfrKgwv,['488v7rQzthLNK22r0UvMie'],204586
92,In The Summertime,"['Shaggy', 'Rayvon']",2024-07-12T16:20:49Z,False,spotify:track:726KAdf3k8Ce8W95O38XNI,62,,https://open.spotify.com/track/726KAdf3k8Ce8W95O38XNI,"['5EvFsr3kj42KNv97ZEnqij', '4hB4SmzreXMTGWYj7KQ7QN']",238360
93,I Wish - Radio Edit,['Skee-Lo'],2024-07-12T16:20:49Z,False,spotify:track:0QMHVTnrFTQJoaqmkdsKhT,62,,https://open.spotify.com/track/0QMHVTnrFTQJoaqmkdsKhT,['55Pp4Ns5VfTSFsBraW7MQy'],252306
94,More And More - Single Version,['Captain Hollywood Project'],2024-07-12T16:20:49Z,False,spotify:track:0JXXm3RqxU8EKzX4P8M0n3,62,,https://open.spotify.com/track/0JXXm3RqxU8EKzX4P8M0n3,['3El2sJgqTWkg1kkyHHAEu4'],253573
95,Good Vibrations,"['Marky Mark And The Funky Bunch', 'Loleatta Holloway']",2024-07-12T16:20:49Z,False,spotify:track:5hWdgGVcfTeLPAiHM6EZG9,62,,https://open.spotify.com/track/5hWdgGVcfTeLPAiHM6EZG9,"['4046bnFxFJdLEtG7F2qXaV', '3m5hegxlB80Z2zQb1893pc']",269306
96,Real Love,['Mary J. Blige'],2024-07-12T16:20:49Z,False,spotify:track:3XG801WWhqC753dekEBkMt,62,,https://open.spotify.com/track/3XG801WWhqC753dekEBkMt,['1XkoF8ryArs86LZvFOkbyr'],269973
97,Doctor Jones,['Aqua'],2024-07-12T16:20:49Z,False,spotify:track:6EBDmMZBQkWrj7jWlGhFU1,62,,https://open.spotify.com/track/6EBDmMZBQkWrj7jWlGhFU1,['6kBjAFKyd0he7LiA5GQ3Gz'],203440
98,Let the Dream Come True,['DJ BoBo'],2024-07-12T16:20:49Z,False,spotify:track:1ZMrT3IGGyTCvZg4Ijuxzs,62,,https://open.spotify.com/track/1ZMrT3IGGyTCvZg4Ijuxzs,['14dmbYen0AciYxu5n4Fkpd'],241066
99,Da Funk,['Daft Punk'],2024-07-12T16:20:49Z,False,spotify:track:0MyY4WcN7DIfbSmp5yej5z,62,,https://open.spotify.com/track/0MyY4WcN7DIfbSmp5yej5z,['4tZwfgrHOc3mvqYlEYSvVi'],328680
100,Vogue,['Madonna'],2024-07-12T16:20:49Z,False,spotify:track:7j5TIXPi0cCbSSqItmbyZy,62,,https://open.spotify.com/track/7j5TIXPi0cCbSSqItmbyZy,['6tbjWDEIzxoDsBA1FuhfPW'],317080
101,"Bailamos - From ""Wild Wild West""",['Enrique Iglesias'],2024-07-12T16:20:49Z,False,spotify:track:1ySwd43oWXbrytN2BD0Mhb,62,,https://open.spotify.com/track/1ySwd43oWXbrytN2BD0Mhb,['7qG3b048QCHVRO5Pv1T5lw'],212693
102,You Don't Know Me (feat. Duane Harden) - Radio Edit,"['Armand Van Helden', 'Duane Harden']",2024-07-12T16:20:49Z,False,spotify:track:7BpyfQEmvi0sUmOq29plEE,61,,https://open.spotify.com/track/7BpyfQEmvi0sUmOq29plEE,"['3cQA9WH8liZfeja1DxcDYE', '6t8VAB5OTHKxi4p1I5aqn0']",242333
103,Encore Une Fois - Future Breeze Edit,"['Sash!', 'Future Breeze']",2024-07-12T16:20:49Z,False,spotify:track:3UPBOL5UtCZmJRwioMkfLD,61,,https://open.spotify.com/track/3UPBOL5UtCZmJRwioMkfLD,"['5XTxV2ifoYkmNb13Gb6cKz', '2Qa4UBwzhEFt1Tpj95cZls']",221160
104,"Tom's Diner - 7"" Version","['DNA', 'Suzanne Vega', 'Neal Slateford', 'Nick Batt']",2024-07-12T16:20:49Z,False,spotify:track:4sutLmjkVKRN6pOAMo2joC,61,,https://open.spotify.com/track/4sutLmjkVKRN6pOAMo2joC,"['2rGm8R7YDTbqDCVlNssQyL', '3X0tJzVYoWlfjLYI0Ridsw', '4a09epliVikRqsBczNwZb2', '1VOvPysGbgHhsfKA6NaKnl']",227866
105,Emotions,['Mariah Carey'],2024-07-12T16:20:49Z,False,spotify:track:0cELvuwJW1acISUHYB6suj,61,,https://open.spotify.com/track/0cELvuwJW1acISUHYB6suj,['4iHNK0tOyZPYnBU7nGAgpQ'],248093
106,I Promised Myself,['Nick Kamen'],2024-07-12T16:20:49Z,False,spotify:track:5jVJAojK3LFKETjI2gYb8O,60,,https://open.spotify.com/track/5jVJAojK3LFKETjI2gYb8O,['05GsKvp0yKuCyWQMsPAAmB'],240773
107,Get Ready,['2 Unlimited'],2024-07-12T16:20:49Z,False,spotify:track:4tvOVmc2jorV20Z2hFDtDg,60,,https://open.spotify.com/track/4tvOVmc2jorV20Z2hFDtDg,['18JD8DVlD1fakDAw7E9LFC'],222911
108,Macarena - Bayside Boys Remix,['Los Del Rio'],2024-07-12T16:20:49Z,False,spotify:track:7obdw7ZGr6l1GqSBkFiY11,60,,https://open.spotify.com/track/7obdw7ZGr6l1GqSBkFiY11,['2JXn03fudjyRkQ1Ye9f5rk'],252133
109,Step by Step,['New Kids On The Block'],2024-07-12T16:20:49Z,False,spotify:track:6J6RWKCPN5RFKHUKEUFjxS,60,,https://open.spotify.com/track/6J6RWKCPN5RFKHUKEUFjxS,['55qiaow2sDYtjqu1mwRua6'],267293
110,That Don't Impress Me Much,['Shania Twain'],2024-07-12T16:20:49Z,False,spotify:track:4I7DV3MIgxJGlObiy9s6nx,60,,https://open.spotify.com/track/4I7DV3MIgxJGlObiy9s6nx,['5e4Dhzv426EvQe3aDb64jL'],238706
111,I'm Every Woman,['Whitney Houston'],2024-07-12T16:20:49Z,False,spotify:track:2eHj0klWkwRQuIrNlPpCPa,60,,https://open.spotify.com/track/2eHj0klWkwRQuIrNlPpCPa,['6XpaIBNiVzIetEPCWDvAFP'],285106
112,Crying at the Discoteque - Radio Edit,['Alcazar'],2024-07-12T16:20:49Z,False,spotify:track:7gQAFGUyHPcY0cQNPsjMf0,60,,https://open.spotify.com/track/7gQAFGUyHPcY0cQNPsjMf0,['5HnkAAaf0MCIxMWzsJNrdg'],231533
113,C'est La Vie,['B*Witched'],2024-07-12T16:20:49Z,False,spotify:track:0P6CPJrNJ1Zt755CQTWg3S,60,,https://open.spotify.com/track/0P6CPJrNJ1Zt755CQTWg3S,['72eP0W3rIhkxd0NHGg4w4u'],173693
114,"You're My Heart, You're My Soul '98",['Modern Talking'],2024-07-12T16:20:49Z,False,spotify:track:1bNYIF1HZlWJe8ZKmTIFfT,60,,https://open.spotify.com/track/1bNYIF1HZlWJe8ZKmTIFfT,['79bxUQsBIXO8nVLB9fYKf7'],230266
115,God Is a DJ,['Faithless'],2024-07-12T16:20:49Z,False,spotify:track:1pUFYb9peWkK8m1WCKNRjp,60,,https://open.spotify.com/track/1pUFYb9peWkK8m1WCKNRjp,['5T4UKHhr4HGIC0VzdZQtAE'],208506
116,Now That We Found Love,"['Heavy D & The Boyz', 'Aaron Hall']",2024-07-12T16:20:49Z,False,spotify:track:1KONmY3enP3r3nIPQidWAy,60,,https://open.spotify.com/track/1KONmY3enP3r3nIPQidWAy,"['4KHdmkq99PXA6QEJ2lKpA3', '772SIFJQiXTCfxncTK1UMn']",258200
117,Who Do You Think You Are,['Spice Girls'],2024-07-12T16:20:49Z,False,spotify:track:1jI1aLmm5HTwiMtvsbwDJw,60,,https://open.spotify.com/track/1jI1aLmm5HTwiMtvsbwDJw,['0uq5PttqEjj3IH1bzwcrXF'],240706
118,Sunchyme,['Dario G'],2024-07-12T16:20:49Z,False,spotify:track:2YOuBWIyHgyvHnLMpjzBf2,59,,https://open.spotify.com/track/2YOuBWIyHgyvHnLMpjzBf2,['3Eo78i1MPfle0XVjMvia8A'],235850
119,Shy Guy,['Diana King'],2024-07-12T16:20:49Z,False,spotify:track:3ldG6XCLDXxWg1N6XhrSKo,59,,https://open.spotify.com/track/3ldG6XCLDXxWg1N6XhrSKo,['221iMiF62DFPnVuCLJakP1'],258560
120,We've Got It Goin' On - Radio Edit,['Backstreet Boys'],2024-07-12T16:20:49Z,False,spotify:track:7qD9lD0dabABT6y3Vw3uVX,59,,https://open.spotify.com/track/7qD9lD0dabABT6y3Vw3uVX,['5rSXSAkZ67PYJSvpUpkOr7'],219466
121,Bring It All Back,['S Club'],2024-07-12T16:20:49Z,False,spotify:track:3v0uXfyMEZ1lGvBOv1Y4ar,59,,https://open.spotify.com/track/3v0uXfyMEZ1lGvBOv1Y4ar,['0HNGrIbq1ZNO2mTp3tMW4L'],214400
122,Missing - Todd Terry Remix / Radio Edit,['Everything But The Girl'],2024-07-12T16:20:49Z,False,spotify:track:1IsvXZXAV9EBC4hBKW6yDN,59,,https://open.spotify.com/track/1IsvXZXAV9EBC4hBKW6yDN,['13ccXrK7AmXb4TddMkE7jy'],235026
123,Let's Talk About Sex,['Salt-N-Pepa'],2024-07-12T16:20:49Z,False,spotify:track:6hTBP6QLwJdxbKyLlLXrGo,58,,https://open.spotify.com/track/6hTBP6QLwJdxbKyLlLXrGo,['7wqtxqI3eo7Gn1P7SpP6cQ'],213266
124,It's a Rainy Day,['Ice Mc'],2024-07-12T16:20:49Z,False,spotify:track:2pjj239FG6qY3tj6hhjxeC,58,,https://open.spotify.com/track/2pjj239FG6qY3tj6hhjxeC,['5wlyJXaam6QmyDn8qBLZx8'],255400
125,My Lovin' (You're Never Gonna Get It),['En Vogue'],2024-07-12T16:20:49Z,False,spotify:track:3R97rNX7JnmshCWBwOSFet,58,,https://open.spotify.com/track/3R97rNX7JnmshCWBwOSFet,['5fikk4h5qbEebqK2Fc6e48'],281613
126,Baby Baby,['Corona'],2024-07-12T16:20:49Z,False,spotify:track:4lDKORchTM8Rd0PFQFXTLX,58,,https://open.spotify.com/track/4lDKORchTM8Rd0PFQFXTLX,['26T6b8maqEVltcmE4kSDUl'],228013
127,Motownphilly,['Boyz II Men'],2024-07-12T16:20:49Z,False,spotify:track:4LxIGAVfcQIw0zAQRyFhU8,58,,https://open.spotify.com/track/4LxIGAVfcQIw0zAQRyFhU8,['6O74knDqdv3XaWtkII7Xjp'],235226
128,Freedom! '90,['George Michael'],2024-07-12T16:20:49Z,False,spotify:track:1SKApv6ZfJ9bkUxeRObJEF,58,,https://open.spotify.com/track/1SKApv6ZfJ9bkUxeRObJEF,['19ra5tSw0tWufvUp8GotLo'],388400
129,Moving on Up,['M People'],2024-07-12T16:20:49Z,False,spotify:track:6vGW3d8X48CBaLdU0PQbey,58,,https://open.spotify.com/track/6vGW3d8X48CBaLdU0PQbey,['3lcbKPLl0ci2mKRdcP5Etf'],215533
130,Feel the heat of the night - Radio Edit,['Masterboy'],2024-07-12T16:20:49Z,False,spotify:track:44o1MQVbm8S827avRs4RHc,58,,https://open.spotify.com/track/44o1MQVbm8S827avRs4RHc,['76JYFj8E2jcib0XIrnWR6E'],221840
131,Don't Turn Around,['Ace of Base'],2024-07-12T16:20:49Z,False,spotify:track:4SYMibQ93bfzOk6uzkF0dO,58,,https://open.spotify.com/track/4SYMibQ93bfzOk6uzkF0dO,['5ksRONqssB7BR161NTtJAm'],230186
132,Born Slippy (Nuxx) - Radio Edit,['Underworld'],2024-07-12T16:20:49Z,False,spotify:track:3bUNyRrTFJDd4mqvUcb1Aa,58,,https://open.spotify.com/track/3bUNyRrTFJDd4mqvUcb1Aa,['1PXHzxRDiLnjqNrRn2Xbsa'],264187
133,"5, 6, 7, 8",['Steps'],2024-07-12T16:20:49Z,False,spotify:track:3oWZwdnnwsCwMukQbPsEiy,57,,https://open.spotify.com/track/3oWZwdnnwsCwMukQbPsEiy,['17UkABEasVRlCcIFZ3wHb7'],202266
134,This Is How We Do It,"['Montell Jordan', 'Wino']",2024-07-12T16:20:49Z,True,spotify:track:1poBO3pO6fkqPYG6n8J5cX,57,,https://open.spotify.com/track/1poBO3pO6fkqPYG6n8J5cX,"['0iVrCROxeyon7MZUW3MfzT', '2UEm3mXEPGyxeWQJYc8WSx']",277293
135,Lollipop (Candyman),['Aqua'],2024-07-12T16:20:49Z,False,spotify:track:7hIKkllltXJFgGfUZbVazE,57,,https://open.spotify.com/track/7hIKkllltXJFgGfUZbVazE,['6kBjAFKyd0he7LiA5GQ3Gz'],216626
136,Freestyler,"[""Bomfunk MC's""]",2024-07-12T16:20:49Z,False,spotify:track:2vlgOAH3M8Fmo19wOjeRyw,57,,https://open.spotify.com/track/2vlgOAH3M8Fmo19wOjeRyw,['0NeC6ploeJUq8oDwYQjNPS'],306000
137,Everybody Everybody,['Black Box'],2024-07-12T16:20:49Z,False,spotify:track:6wBMTv8yTiNh50fqTkT0JC,57,,https://open.spotify.com/track/6wBMTv8yTiNh50fqTkT0JC,['6tsRo8ErXzpHk3tQeH6GBW'],247001
138,I'm Your Baby Tonight,['Whitney Houston'],2024-07-12T16:20:49Z,False,spotify:track:3SmPl0CGxvvkQCrTv7edEE,57,,https://open.spotify.com/track/3SmPl0CGxvvkQCrTv7edEE,['6XpaIBNiVzIetEPCWDvAFP'],299426
139,Dreamer - Janice Robinson Vocal,"[""Livin' Joy""]",2024-07-12T16:20:49Z,False,spotify:track:6wetvpPWooBdmAEOKnDhpo,57,,https://open.spotify.com/track/6wetvpPWooBdmAEOKnDhpo,['3PUzVXdNnsJGPDTIU7xvqu'],223535
140,Love Is All Around,['DJ BoBo'],2024-07-12T16:20:49Z,False,spotify:track:0juz4iKEbAAKHfPzqgixRK,56,,https://open.spotify.com/track/0juz4iKEbAAKHfPzqgixRK,['14dmbYen0AciYxu5n4Fkpd'],269706
141,The Summer Is Magic - Radio Mix,['Playahitty'],2024-07-12T16:20:49Z,False,spotify:track:3riZWJaCsJLpTH9s2gGtGc,56,,https://open.spotify.com/track/3riZWJaCsJLpTH9s2gGtGc,['6zZWFyAqVLEWelkVuQRUCz'],236666
142,Mustang Sally,"['The Commitments', 'Andrew Strong']",2024-07-12T16:20:49Z,False,spotify:track:1XlCCgKKrQQfXaDyv4GrZe,56,,https://open.spotify.com/track/1XlCCgKKrQQfXaDyv4GrZe,"['5kiBy7FO5L4ywMz1xF70PX', '7MdthKITrvbzo6v1PG80Te']",241866
143,Get Up (Before The Night Is Over),['Technotronic'],2024-07-12T16:20:49Z,False,spotify:track:2MOOJh1xUgND4rLjB6h4jY,56,,https://open.spotify.com/track/2MOOJh1xUgND4rLjB6h4jY,['2Cd98zHVdZeOCisc6Gi2sB'],337093
144,Poison,['Bell Biv DeVoe'],2024-07-12T16:20:49Z,False,spotify:track:50DAHcCqneoupFyh96P2GP,56,,https://open.spotify.com/track/50DAHcCqneoupFyh96P2GP,['2zFZiWQJFFshzojycnXoTL'],261866
145,Eins Zwei Polizei,['Mo-Do'],2024-07-12T16:20:49Z,False,spotify:track:015p8TgFahkz0viuux9YGJ,56,,https://open.spotify.com/track/015p8TgFahkz0viuux9YGJ,['3Y42QTbwNJeqEVmrMknG0f'],313426
146,Never Alone,['2 Brothers On The 4th Floor'],2024-07-12T16:20:49Z,False,spotify:track:4cqiLvFRDuV8ClE61eMmZx,56,,https://open.spotify.com/track/4cqiLvFRDuV8ClE61eMmZx,['5wsBGjgRsASMggXLPF7pYm'],351026
147,Cantaloop (Flip Fantasia),"['Us3', 'Rahsaan', 'Gerard Presencer']",2024-07-12T16:20:49Z,False,spotify:track:06DSI8L6IT8SizCw3JLckz,56,,https://open.spotify.com/track/06DSI8L6IT8SizCw3JLckz,"['4LtIfuFeAamus9OOItuWDD', '2cNCyL3WSlAatld5duatyD', '5A8UenAZRv51yZVv13nFQo']",279360
148,Dear Jessie,['Rollergirl'],2024-07-12T16:20:49Z,False,spotify:track:7h2jT3YLmtDAxf4cF6rSQu,56,,https://open.spotify.com/track/7h2jT3YLmtDAxf4cF6rSQu,['4OA1c70ANsRopn5bWmJ0Rk'],214666
149,The Launch - Radio Edit,['DJ Jean'],2024-07-12T16:20:49Z,False,spotify:track:6FP4peicCGnib7asns71fs,56,,https://open.spotify.com/track/6FP4peicCGnib7asns71fs,['73MDPnjHtoqOexpBNe4FPl'],220360
